{"NaiveForecaster": {"hyper_parameters": {}, "score": 0.4660289992480592}, "XGBForecaster": {"hyper_parameters": {"learning_rate": 0.18698133267095493, "max_depth": 12, "gamma": 1.335585466931709, "reg_alpha": 0.5071185296213727}, "score": 23492.422893009916}}