{"NaiveForecaster": {"hyper_parameters": {}, "score": 0.4698255310288051}, "XGBForecaster": {"hyper_parameters": {"learning_rate": 0.1712441869983695, "max_depth": 18, "gamma": 9.0288312226995, "reg_alpha": 1.7409382180065285}, "score": 22786.28743015359}, "LinearRegressor": {"hyper_parameters": {}, "score": 0.9849332571029663}, "FeedForwardNN1": {"hyper_parameters": {"hidden_features": [100], "predict_logs": false}, "score": 0.9847899675369263}}